date,actual_return,var_estimate,violation
2019-01-21,-0.00022563004635439997,-0.004984657193468547,0
2019-01-22,-0.001157515253737,-0.004907435000055832,0
2019-01-23,0.0022926671544038664,-0.0049371859772862625,0
2019-01-24,0.002980145597180167,-0.004830130472323748,0
2019-01-25,0.0054475371193242195,-0.005009181517753516,0
2019-01-28,-0.0007899241035755,-0.004856612562601476,0
2019-01-29,0.0013671633482960667,-0.0049309786440847134,0
2019-01-30,0.0034982683482536287,-0.004933520517087093,0
2019-01-31,0.0006980149112806999,-0.004967748980957005,0
2019-02-01,0.0006278562898215333,-0.004853953761420168,0
2019-02-07,8.25429463408e-05,-0.0048146010960907395,0
2019-02-08,-0.0039288874341312,-0.004966714655566294,0
2019-02-11,0.0011658907606245667,-0.004858072971369724,0
2019-02-12,0.0010896586913443664,-0.0049659733017849966,0
2019-02-13,0.0011989879608831997,-0.0049190031534871006,0
2019-02-14,0.0034494587764693336,-0.004914568966755814,0
2019-02-15,-0.003537229809405299,-0.004909998074454242,0
2019-02-18,0.0016884838397913,-0.004951042605186454,0
2019-02-19,-0.0017071701898002925,-0.004842789818815392,0
2019-02-20,0.0037709151932547166,-0.0049275050105289835,0
2019-02-21,-0.0004718095187368,-0.0048836435105352695,0
2019-02-22,0.0002686501600563666,-0.0048954408111824554,0
2019-02-25,0.0007133123401274192,-0.004923832571843176,0
2019-02-26,-0.001337145121913854,-0.004733285399936549,0
2019-02-27,0.0018114382150121668,-0.004669679824648987,0
2019-02-28,-0.005529756511170558,-0.004649117076490672,1
2019-03-04,-0.0028978506113711334,-0.004813329863980461,0
2019-03-05,-0.0024744602696157784,-0.004508189051397985,0
2019-03-06,-0.0004684284441079665,-0.004544918459013147,0
2019-03-07,-0.00018465043124959993,-0.0046616048384577075,0
2019-03-08,-0.0036409954116763325,-0.004517387995249922,0
2019-03-11,-7.188553634629998e-05,-0.004609710750385527,0
2019-03-12,0.0030497940098832333,-0.004485438236643002,0
2019-03-13,-0.0013962858086288001,-0.004657932307251333,0
2019-03-14,0.0007190166976573999,-0.004583334285842902,0
2019-03-15,0.0033686906607917665,-0.004540590515093786,0
2019-03-18,-9.677102917666718e-07,-0.004484273825197408,0
2019-03-19,0.0001557438143274,-0.004569733978896627,0
2019-03-20,0.0004225965014334731,-0.004543846690740152,0
2019-03-21,0.003646896316110167,-0.004592559007454247,0
2019-03-22,0.0010272744463155745,-0.004496374090276143,0
2019-03-25,-0.004829759945195333,-0.004540422596039575,1
2019-03-26,-0.00039089096590650443,-0.0044911697158553435,0
2019-03-27,0.0019298279731062666,-0.0045800579074157435,0
2019-03-28,-0.00015062531378983346,-0.004535760305400706,0
2019-03-29,0.0017923044019934858,-0.0045851902072005886,0
2019-04-01,0.002803385285931533,-0.004476116314852991,0
2019-04-02,0.0017082497659097332,-0.004553613940595725,0
2019-04-03,0.004172248093180834,-0.00435237383242233,0
2019-04-04,0.0005441682506489492,-0.0045545879562041884,0
2019-04-05,6.765643139203326e-05,-0.004512488644169716,0
2019-04-08,0.00025800673671203325,-0.004526714675033824,0
2019-04-09,0.00017291255102819998,-0.004431037135876935,0
2019-04-10,0.0017925031524594,-0.0042907689652397895,0
2019-04-11,-0.0005970439821965666,-0.004401179656557418,0
2019-04-12,0.0005349119556047999,-0.0043423352768036955,0
2019-04-15,-8.980857806956687e-05,-0.004333802474405526,0
2019-04-16,0.0011568567566648668,-0.004354402085344923,0
2019-04-17,-0.0008922702544544999,-0.004328125148842854,0
2019-04-18,-0.003302385114047,-0.004406225481354716,0
2019-04-19,-0.00021152156597399998,-0.00441711395345267,0
2019-04-22,-0.0011191319722697332,-0.004224542915404001,0
2019-04-23,0.0010285549893900665,-0.0043503525997957105,0
2019-04-24,-0.003288423820808667,-0.004336503010376342,0
2019-04-25,0.0010252940774106332,-0.004365950914286022,0
2019-04-26,-0.0020473740017472666,-0.004443997253344507,0
2019-04-29,0.0071367971865891324,-0.004368406427903922,0
2019-04-30,-0.0013581282093841664,-0.004411627203632938,0
2019-05-02,0.00016988462361526682,-0.004400271279391787,0
2019-05-03,-0.0035127412276116667,-0.004534287218724953,0
2019-05-07,-0.0020781442446157336,-0.0043980833467212556,0
2019-05-08,-0.0013323505102218333,-0.004502730495684942,0
2019-05-09,-0.0093409619517702,-0.004361010291767698,1
2019-05-10,0.0003879617474264999,-0.004628708067224436,0
2019-05-13,-0.004013959883823666,-0.004514994774180715,0
2019-05-14,-0.0004541267358503391,-0.004570672393947569,0
2019-05-15,0.0018663221206054999,-0.0046637830503264786,0
2019-05-16,-0.003306217766911233,-0.004603387120694469,0
2019-05-17,-0.0020323031843779665,-0.0045951325824793885,0
2019-05-20,-1.521688238333174e-07,-0.004604774799346264,0
2019-05-21,0.0023701600671277665,-0.004495535632194313,0
2019-05-22,0.0007109981331460213,-0.004511308869193282,0
2019-05-23,0.00046134226869163334,-0.004535189025011275,0
2019-05-24,-0.0017658786951025665,-0.004484166798032194,0
2019-05-27,-0.00024367871071216666,-0.004502024506300867,0
2019-05-28,0.0006524831824037095,-0.004551819913144489,0
2019-05-29,-0.0027845183151119666,-0.004496375140687516,0
2019-05-30,0.0032604492919302364,-0.004519346069052533,0
2019-05-31,0.0013137952524576667,-0.004586010861184579,0
2019-06-03,0.005361932326085033,-0.0044853517260174175,0
2019-06-04,-0.00025064953979143326,-0.0044712084724033985,0
2019-06-05,0.0016413244301802332,-0.004481449122593164,0
2019-06-07,8.207608065596665e-05,-0.004506767580739665,0
2019-06-10,0.004191343595712599,-0.004531569374233061,0
2019-06-11,0.0011003665308353,-0.004528871737101408,0
2019-06-12,0.0015348121738296334,-0.004517280142897944,0
2019-06-13,-0.0028022021325779995,-0.004492706124701561,0
2019-06-14,0.0002921855572095,-0.004461532274126701,0
2019-06-17,-0.0003883973179099333,-0.0044358915149959825,0
2019-06-18,0.0017365355396846,-0.004481642051989014,0
2019-06-19,0.004665666374848379,-0.004441860570220559,0
2019-06-20,0.003116037135742833,-0.0044556638374243125,0
2019-06-21,-0.0014161196027663333,-0.004500682955696242,0
2019-06-24,0.0006859755626160926,-0.004461854687720381,0
2019-06-25,-0.0015218312318008667,-0.004552557929227483,0
2019-06-26,-0.0005687468408301332,-0.0045622741786121935,0
2019-06-27,0.004114926049087214,-0.004461219122263789,0
2019-06-28,-0.00010979521277753335,-0.004379110709885551,0
2019-07-01,-0.0001347749283744,-0.004309516403113518,0
2019-07-02,-0.001544577191986633,-0.0042892703998038476,0
2019-07-03,-0.0025920494583981995,-0.004350758686737109,0
2019-07-04,0.0034066540825062664,-0.0044448804793517024,0
2019-07-05,-0.00042796638795879714,-0.00428629623590495,0
2019-07-08,-0.007277505990920141,-0.0043452387473132854,1
2019-07-09,-0.0006287964938564999,-0.004419030144616637,0
2019-07-10,0.0006733938189867,-0.004412640722165677,0
2019-07-11,0.004467319663215833,-0.0044786671641332395,0
2019-07-12,-7.638517344516668e-05,-0.004398470476072444,0
2019-07-15,-0.0003827783237476892,-0.004370617189732608,0
2019-07-16,0.0016178245021066,-0.004465048815756685,0
2019-07-17,-0.0019598431068890663,-0.004398255199773429,0
2019-07-18,0.0017949176416441664,-0.004495755911811872,0
2019-07-19,0.005481985617010967,-0.004379493103692513,0
2019-07-22,-0.0004877287730816,-0.004483208253395693,0
2019-07-23,0.0016714801479505862,-0.004404719384815238,0
2019-07-24,-0.003005347030228367,-0.004394618991062531,0
2019-07-25,0.00035326515235290006,-0.0043193230009514645,0
2019-07-26,-0.00040397000979083397,-0.00438264726944693,0
2019-07-29,-0.004066669006891241,-0.0044836826406787446,0
2019-07-30,0.0010874379810226998,-0.004430261997043758,0
2019-07-31,-0.0030004936483091,-0.004423985897403221,0
2019-08-01,-0.0006991929544022,-0.004419109326098962,0
2019-08-02,-0.0021633719068775005,-0.004520307983798537,0
2019-08-05,-0.0037831736340874335,-0.0045828884736159705,0
2019-08-06,-0.0042655768766567004,-0.004511216363218099,0
2019-08-07,-0.002056925835269067,-0.00450347299177821,0
2019-08-08,0.0010761440254952665,-0.004544976361489956,0
2019-08-09,0.0013919466031064997,-0.004554934021486834,0
2019-08-12,0.0007938129000319667,-0.004489890218103108,0
2019-08-13,-0.0018572184133644667,-0.0045596438859936165,0
2019-08-14,0.0025836966044375477,-0.004486284211991326,0
2019-08-16,0.0007959492392564998,-0.0045192259201022,0
2019-08-19,0.002019534931219094,-0.004599664567044853,0
2019-08-20,0.0027353435437059335,-0.0044562579914155945,0
2019-08-21,-0.0016198839890760332,-0.004546654177427176,0
2019-08-22,-0.0020650603280915002,-0.004589372841710076,0
2019-08-23,-0.0014461106314000666,-0.00443828178440366,0
2019-08-26,-0.0020614527212907668,-0.004625726274756772,0
2019-08-27,-0.00021999323332349993,-0.004469052889588058,0
2019-08-28,0.002348670144301566,-0.004473673378434116,0
2019-08-29,-0.0014176011786972333,-0.004493636224985915,0
2019-08-30,0.0046350870035074335,-0.004527809750433747,0
2019-09-02,-0.0018078446368357,-0.00451493108554034,0
2019-09-03,-0.0008884545058772999,-0.004471351899837547,0
2019-09-04,0.004417893139968766,-0.004529944758569301,0
2019-09-05,0.0020789603202013333,-0.004474092181065629,0
2019-09-06,0.0014419861741294666,-0.004407911288124094,0
2019-09-09,0.0034551625532072664,-0.004520549861288924,0
2019-09-10,0.0008016238438202001,-0.0045251600512292624,0
2019-09-11,0.0022049041975807666,-0.004460009063371355,0
2019-09-16,-0.0032084308180833666,-0.0045435221582974614,0
2019-09-17,0.00046971999999253334,-0.00449448228306593,0
2019-09-18,0.0028170840547400333,-0.004532230192956112,0
2019-09-19,0.0027808279860136306,-0.004519319720556527,0
2019-09-20,0.0013785532684369667,-0.004447653524014703,0
2019-09-23,0.0005933340827117683,-0.004513101722984686,0
2019-09-24,0.00200063262379344,-0.004435423599638483,0
2019-09-25,-0.003747941712854767,-0.004500412676354346,0
2019-09-26,0.0006108785648555522,-0.004501479804616938,0
2019-09-27,-0.0037703493460434665,-0.00438886744527572,0
2019-09-30,0.0025040585614285664,-0.004456681308781443,0
2019-10-01,-0.0005894784342957333,-0.004512103053240093,0
2019-10-02,-0.006827611429769567,-0.004459478076620017,1
2019-10-04,0.0030226615286057666,-0.004534918964149688,0
2019-10-07,0.00033513881418969306,-0.004664360183439814,0
2019-10-08,0.0030389439315649997,-0.004572701971452505,0
2019-10-10,-0.0029422143092795662,-0.00450322132537704,0
2019-10-11,0.0010846014014789331,-0.004615201091042413,0
2019-10-14,0.003420649498659617,-0.00448947553865094,0
2019-10-15,0.0004347112027006755,-0.004650699805621342,0
2019-10-16,0.0005716310869976666,-0.004424891090154719,0
2019-10-17,-0.002863519272295233,-0.0044367210691043804,0
2019-10-18,-0.0036406810049544667,-0.004388247352829208,0
2019-10-21,-0.0003474709191374331,-0.004455933863546984,0
2019-10-22,0.004202131165343333,-0.004556907662803253,0
2019-10-23,-0.0018698614281039527,-0.004293493649396084,0
2019-10-24,0.0013557661379179665,-0.0043329337411618955,0
2019-10-25,-0.0005878574457979666,-0.004361646108096437,0
2019-10-28,-0.002330380106776933,-0.004265638911545071,0
2019-10-29,-0.0012036739699558333,-0.004344086850886829,0
2019-10-30,-0.001808228753328233,-0.0042240177400745225,0
2019-10-31,0.0024232923906049334,-0.004333264591650653,0
2019-11-01,0.0025211875016764333,-0.004177374375630617,0
2019-11-04,0.0015965438402658998,-0.004121828037054001,0
2019-11-05,0.002211256457205633,-0.004123377727597633,0
2019-11-06,0.00011187532694385141,-0.00416742937124433,0
2019-11-07,0.00012662357765663335,-0.004091771749807821,0
2019-11-08,-0.0007630666414432667,-0.0040961313968072505,0
2019-11-11,-0.0015376188409452999,-0.004136452606512974,0
2019-11-12,0.001256355269131233,-0.0040391170266228195,0
2019-11-13,-0.0015712118608467332,-0.004161274061144642,0
2019-11-14,0.0034087595957319663,-0.004020807871580957,0
2019-11-15,0.004661664838066,-0.004011111538224196,0
2019-11-18,-0.0004498683937585479,-0.00400925537383836,0
2019-11-19,0.0001628446645294998,-0.004033609253326907,0
2019-11-20,-0.0027359481365888992,-0.004023722525507204,0
2019-11-21,-0.0042273680012505,-0.003959869678434168,1
2019-11-22,0.0011458760552529171,-0.004023945790681468,0
2019-11-25,0.002279231755707567,-0.00391671223082976,0
2019-11-26,0.0006597528903762666,-0.004121977892664202,0
2019-11-27,0.0017398381098572332,-0.0040715482586072506,0
2019-11-28,-0.0008108458912647002,-0.004023268068790235,0
2019-11-29,-0.004529225025543534,-0.004004346056353501,1
2019-12-02,-0.0006310650831457666,-0.00384805056331864,0
2019-12-03,-0.0033641923727531996,-0.004017402833693462,0
2019-12-04,-1.9357807979899964e-05,-0.003985404700195687,0
2019-12-05,-0.0005157677220768159,-0.00397975199163666,0
2019-12-06,0.0030150897410303333,-0.004082306167167893,0
2019-12-09,0.002042264252357433,-0.004031736646566874,0
2019-12-10,0.0026078443020555665,-0.0040394228963621884,0
2019-12-11,0.001243619919116606,-0.004018452342690614,0
2019-12-12,0.006068331740160077,-0.003907925659155702,0
2019-12-13,0.004284903741260333,-0.004003622787087433,0
2019-12-16,0.0008799420073208333,-0.004013050535213693,0
2019-12-17,0.0050407053243297,-0.003980273812952011,0
2019-12-18,9.209656278276618e-05,-0.004005637567966729,0
2019-12-19,-0.0010161061700047667,-0.0040160417673648936,0
2019-12-20,-2.5472376115499947e-05,-0.004093745657868822,0
2019-12-23,0.0007563459370303333,-0.003913834682032964,0
2019-12-24,-0.001504649533938,-0.003936282050988096,0
2019-12-26,0.0011475564836748763,-0.003967834703422453,0
2019-12-27,0.004185813085245867,-0.0038084374817972484,0
2019-12-30,-0.0011108134496296666,-0.003976490185868926,0
2020-01-02,-0.0025525886851418,-0.0039301203878394,0
2020-01-03,0.0025844194540980666,-0.003926134023644164,0
2020-01-06,-0.0015795384507787669,-0.0038734012351005357,0
2020-01-07,0.0007793796320341002,-0.003910362264317312,0
2020-01-08,-0.003164617187301067,-0.003931148191174331,0
2020-01-09,0.0035814198393167335,-0.003958438666952701,0
2020-01-10,0.0014032135393974333,-0.0038939789928644757,0
2020-01-13,0.003289628694631433,-0.0038150653388453917,0
2020-01-14,0.0026301004612790664,-0.0038052274502908406,0
2020-01-15,-0.0013885236069391,-0.00388106988725582,0
2020-01-16,0.0030281735142573332,-0.003877087650626764,0
2020-01-17,-0.0001885957513291333,-0.00385789293833256,0
2020-01-20,0.001987873741698033,-0.003866643485335553,0
2020-01-21,-0.0012337550104234997,-0.0038581378932721045,0
2020-01-22,0.0034293854799401,-0.0038053803686120095,0
2020-01-23,-0.003970316813255533,-0.0036829283728027425,1
2020-01-28,-0.006032741188833999,-0.0038200251224487503,1
2020-01-29,0.001243095518013623,-0.0038545542725806326,0
2020-01-30,-0.004797208542546633,-0.003833582539611382,1
2020-01-31,-0.0037379893520117667,-0.004001827194896148,0
2020-02-03,0.0009547777392104999,-0.004067089887998164,0
2020-02-04,0.0032328455253934,-0.003961381123347377,0
2020-02-05,0.0018991304799685672,-0.004045883378106074,0
2020-02-06,0.009214370411131665,-0.0039492173187830135,0
2020-02-07,-0.001542121488574,-0.004013325884717364,0
2020-02-10,-0.0018902417470387403,-0.003987586861980857,0
2020-02-11,0.003159996410695529,-0.003966688179150899,0
2020-02-12,0.002526781275886452,-0.004028597598552959,0
2020-02-13,-0.00036733693210563335,-0.004044023179690222,0
2020-02-14,0.0005313738273494999,-0.004121671066533644,0
2020-02-17,0.00034137944537300003,-0.003973020952113402,0
2020-02-18,-0.0032704303076434337,-0.004041792155586193,0
2020-02-19,0.0008317801660477332,-0.004113153460457286,0
2020-02-20,9.617869274606669e-05,-0.004039543850611849,0
2020-02-21,-0.0027027229440265994,-0.004036528860138443,0
2020-02-24,-0.011409784625477667,-0.0041792225608536715,1
2020-02-25,0.003569593929998467,-0.004256043994646691,0
2020-02-26,-0.004315811669519733,-0.004229068811301516,1
2020-02-27,-0.004831690541672833,-0.004354281733813334,1
2020-02-28,-0.007751190169660498,-0.004362460909175121,1
2020-03-02,0.002277713415589333,-0.004535604747142246,0
2020-03-03,0.0021047987637321662,-0.004494412851608392,0
2020-03-04,0.009749397786014033,-0.004498991661851657,0
2020-03-05,0.0023061698336586333,-0.0045299196099311875,0
2020-03-06,-0.008542770928813533,-0.004534425878736805,1
2020-03-09,-0.010837187275448067,-0.004496780577233276,1
2020-03-10,0.0008742742441641333,-0.004737183889322869,0
2020-03-11,-0.011307807327402499,-0.004672614409807943,1
2020-03-12,-0.012650123853844366,-0.004836774885849113,1
2020-03-13,-0.014640471812019567,-0.005148351556310673,1
2020-03-16,-0.010371831959068033,-0.005405789748773899,1
2020-03-17,-0.005186933977445867,-0.005480752325013127,0
2020-03-18,-0.020604519959317363,-0.0056100063226889475,1
2020-03-19,-0.03234846764214497,-0.006058191366091863,1
2020-03-20,0.02749210045378103,-0.007094937321498607,0
2020-03-23,-0.024347381965809232,-0.007444532094605376,1
2020-03-24,0.0302524106347516,-0.007985331272374024,0
2020-03-25,0.01969691707742725,-0.008651391718025966,0
2020-03-26,-0.0009183601825469335,-0.008600776694142572,0
2020-03-27,0.008138383738357466,-0.0088118208972717,0
2020-03-30,-0.0032547122583310665,-0.008736790003981127,0
2020-03-31,0.005658899361803167,-0.008866095871999137,0
2020-04-01,-0.015582658047862432,-0.008720158609308026,1
2020-04-02,0.010912144377876166,-0.008927385657530484,0
2020-04-03,-0.0019821807993872665,-0.009099068055103483,0
2020-04-06,0.013689486005943934,-0.008882107038810797,0
2020-04-07,0.004275032624878633,-0.009124728836444275,0
2020-04-08,-0.0029768609887149996,-0.009163068890593078,0
2020-04-09,0.008187127325553567,-0.009001600605713233,0
2020-04-10,0.0030772431302180333,-0.009075416591495014,0
2020-04-13,-0.006475912966210934,-0.009039262995031001,0
2020-04-14,0.005664802446319495,-0.009085617626718183,0
2020-04-16,0.0015725027867957,-0.009059008456284939,0
2020-04-17,0.009147328574486031,-0.00925002863785387,0
2020-04-20,-0.0037696222018324664,-0.009087921536593218,0
2020-04-21,-0.0044261814428631,-0.009280014591164036,0
2020-04-22,0.00037334626036259974,-0.009296556166820657,0
2020-04-23,0.0032418403973909996,-0.009217347177442213,0
2020-04-24,-0.0052363862889790325,-0.009311028565104008,0
2020-04-27,0.0061294573367138006,-0.009029076970564704,0
2020-04-28,0.0024741706334661666,-0.009065051485840964,0
2020-04-29,0.0036606401808254,-0.009388575515955979,0
2020-05-04,-0.009803317975999766,-0.009296355041076133,1
2020-05-06,0.0064314974249076754,-0.00927295788315256,0
2020-05-07,-0.0001039150771403666,-0.009184716022173656,0
2020-05-08,0.0043685236177066,-0.00914538518522752,0
2020-05-11,-0.002616357675598466,-0.009244559527218229,0
2020-05-12,-0.0013450014584405002,-0.009161067831058821,0
2020-05-13,0.005243135299705233,-0.009238944319737121,0
2020-05-14,-0.0032727836634494664,-0.00911970488499181,0
2020-05-15,0.0007085321071821066,-0.009197106100099823,0
2020-05-18,0.0018845783257814,-0.009221813025035603,0
2020-05-19,0.008601064156983,-0.009012255185958216,0
2020-05-20,0.0013521809442177666,-0.009299220872354358,0
2020-05-21,0.0024899695996737333,-0.009021035493833644,0
2020-05-22,-0.005829684204855933,-0.009317740717897227,0
2020-05-25,0.005229148613805132,-0.00942840657623829,0
2020-05-26,0.005532618198733134,-0.00936126902115557,0
2020-05-27,-0.0004317617319705333,-0.009297608987362907,0
2020-05-28,0.0014812134215024,-0.008956279990991087,0
2020-05-29,-0.0016232466153136332,-0.009238264885627796,0
2020-06-01,0.006270491621815834,-0.009092312955940885,0
2020-06-02,0.003071033182046997,-0.009238046543785643,0
2020-06-03,0.011100537383633539,-0.009195595148132283,0
2020-06-04,-5.707392290499997e-05,-0.009272604416795836,0
2020-06-05,0.0048107627295902325,-0.009133131609736615,0
2020-06-08,-0.00039793280842439425,-0.009162233674097598,0
2020-06-09,0.0019225296750172332,-0.009258681325184958,0
2020-06-10,0.0014256833475156333,-0.009211257154784422,0
2020-06-11,-0.0051516934469638745,-0.009102624006471273,0
2020-06-12,-0.006907510821079298,-0.009243924912279886,0
2020-06-15,-0.018278100885705133,-0.009003847505662056,1
2020-06-16,0.0202800768263348,-0.009609670980754877,0
2020-06-17,-0.0012013770143458747,-0.009666518945567908,0
2020-06-18,0.0005174701596035333,-0.00950667456714796,0
2020-06-22,-0.0016618864688979667,-0.00975070717202485,0
2020-06-23,0.0011429016091866666,-0.009624235304130445,0
2020-06-24,0.0061931010598170995,-0.009561774881396212,0
2020-06-25,-0.008128249842463867,-0.0097078469595292,0
2020-06-26,0.0054823955545982,-0.009587699699094674,0
2020-06-29,-0.006693348505663733,-0.009968571009730576,0
2020-06-30,0.0027259097603092664,-0.010029628810814704,0
2020-07-01,-0.0010163773361023666,-0.00987279319274066,0
2020-07-02,0.005175972240240033,-0.00967767889961595,0
2020-07-06,0.006987534160510799,-0.009738202426860836,0
2020-07-07,-0.003243692297905733,-0.009697022259151556,0
2020-07-08,-0.0006611618744074333,-0.009756414182802448,0
2020-07-09,0.0012305268126740665,-0.009760546123075255,0
2020-07-10,-0.0033538118751609666,-0.009496879508512275,0
2020-07-13,0.0056999242114047334,-0.009649424204407899,0
2020-07-14,-0.0006266346575750332,-0.009637125296878286,0
2020-07-15,0.0034530613810121002,-0.009816471457142154,0
2020-07-16,-0.0025907042938772664,-0.009688516634509864,0
2020-07-17,0.0037991078746866663,-0.009747661118185218,0
2020-07-20,-0.0001566468112173667,-0.0096296828025197,0
2020-07-21,0.004283845507953467,-0.009745681172818708,0
2020-07-22,-0.0009400882145404842,-0.009841449351420683,0
2020-07-23,-0.0008968612818325334,-0.009696166324476042,0
2020-07-24,-0.0014708984303644444,-0.009735331963025427,0
2020-07-27,0.0032012212356724266,-0.009815145151559151,0
2020-07-28,0.0062674078421446665,-0.00980618032957641,0
2020-07-29,0.0023533795504166,-0.00963944759913143,0
2020-07-30,0.0011712103465762334,-0.009792226043032008,0
2020-07-31,-0.0026003871253119995,-0.009814351222061977,0
2020-08-03,-0.0006122510230689333,-0.009698788858637859,0
2020-08-04,0.0040763150829319994,-0.009803316660091196,0
2020-08-05,0.0042370574255892,-0.00963216747982605,0
2020-08-06,0.004668967521474866,-0.009775026991138743,0
2020-08-07,0.001089627534712732,-0.009623875740787014,0
2020-08-10,0.0037617923277693667,-0.00964485412383944,0
2020-08-11,0.0044924778953949335,-0.009355724878205417,0
2020-08-12,0.0013022246414581828,-0.0096715756215776,0
2020-08-13,-0.0001828029109062333,-0.00954516983936615,0
2020-08-14,-0.004303791782922546,-0.009543432738405373,0
2020-08-18,-0.0059020271243849995,-0.009780172676376927,0
2020-08-19,0.001855427807074533,-0.009434220249804462,0
2020-08-20,-0.014213702884892366,-0.009673872032916819,1
2020-08-21,0.0039654505548417,-0.009856924311210793,0
2020-08-24,0.004381033037859733,-0.009847956865623328,0
2020-08-25,0.0040682497637457,-0.009857240403119045,0
2020-08-26,-0.00048793459294836666,-0.009682936776557816,0
2020-08-27,-0.0036042937166739,-0.009739674631597778,0
2020-08-28,-0.0005933095600444999,-0.009847034043725465,0
2020-08-31,-0.006066065255919066,-0.009730950482147418,0
2020-09-01,7.519835449663354e-05,-0.009936919592103265,0
2020-09-02,0.0035564464487115666,-0.009927551105996978,0
2020-09-03,0.0055165719200588334,-0.009888663976190381,0
2020-09-04,-0.004797494823991567,-0.009902275144085291,0
2020-09-07,0.00014642888318526682,-0.009626189309072724,0
2020-09-08,0.0038351297125011332,-0.009888558131324499,0
2020-09-09,-0.0030083450590807,-0.009760403482926686,0
2020-09-10,0.003397068616540267,-0.009705131051428456,0
2020-09-11,-0.0004713916163136712,-0.00973587861247902,0
2020-09-14,0.004998167457614333,-0.009759856177521153,0
2020-09-15,0.0030215700041624997,-0.010033636596963658,0
2020-09-16,-0.0002931596101314667,-0.009795235674994254,0
2020-09-17,-0.0055665098680195675,-0.009847405898845982,0
2020-09-18,0.0014540549775403666,-0.009951114323887952,0
2020-09-21,-0.0028157987794215555,-0.0098965605780531,0
2020-09-22,-0.0072178586065896,-0.00981690016676448,0
2020-09-23,0.0024166418309266332,-0.01010370568140148,0
2020-09-24,-0.007435599757458,-0.009950872160255187,0
2020-09-25,0.001596322065543633,-0.010038722478984782,0
2020-09-28,0.0058623395528022,-0.010222364342774216,0
2020-09-29,0.0026016225127225663,-0.009925048781709585,0
2020-10-05,0.002159236141421133,-0.010156760416237065,0
2020-10-06,-0.0007612247110901333,-0.010016143223591073,0
2020-10-07,0.003007764642851867,-0.010123133052430029,0
2020-10-08,-0.0004423554191899333,-0.009864201005374837,0
2020-10-12,0.0012688220049354452,-0.01023823054739724,0
2020-10-13,0.0006999267376373362,-0.009873402942424399,0
2020-10-14,-0.002442565439775533,-0.010271864266895062,0
2020-10-15,-0.0012007645319653333,-0.009719559589187401,0
2020-10-16,-0.002098160826263093,-0.01015763254080666,0
2020-10-19,0.0018791926655824,-0.010088466793754263,0
2020-10-20,0.0016899599346123669,-0.010049139582887005,0
2020-10-21,-0.0006848630339908334,-0.009809039686210918,0
2020-10-22,-0.0017932596919759665,-0.010205138426905395,0
2020-10-23,0.0017242758242586,-0.00995739407765949,0
2020-10-26,-0.00026383996639638054,-0.009967479011728916,0
2020-10-27,-0.0034354565727377,-0.009973253023244574,0
2020-10-28,0.0016817216004942996,-0.009872693940132264,0
2020-10-29,-0.004257138166879199,-0.01006254803208115,0
2020-10-30,-0.009724318235468266,-0.010022102927667071,0
2020-11-02,0.002835899103366367,-0.010188809188640992,0
2020-11-03,0.00665777227092503,-0.010016767540036529,0
2020-11-04,0.0032351745156819333,-0.010123070020299326,0
2020-11-05,0.008625271978138867,-0.009978147869225677,0
2020-11-06,-1.951919972809993e-05,-0.01005219704028461,0
2020-11-09,0.003727786337046366,-0.010131115653698257,0
2020-11-10,-0.0019252194953980333,-0.009958922526159665,0
2020-11-11,0.0044136054700606,-0.010150561226293452,0
2020-11-12,-0.0011562095512255334,-0.009873374071387985,0
2020-11-13,0.004034552590147545,-0.010107937917316734,0
2020-11-16,0.007075420323322667,-0.009991903370955329,0
2020-11-17,5.4816666711466666e-05,-0.010327650787595,0
2020-11-18,0.0005369114793102999,-0.010042746408156685,0
2020-11-19,0.0004334500496059667,-0.009985445688622252,0
2020-11-20,0.00021522415673593337,-0.00988623128844982,0
2020-11-23,0.0081773819773996,-0.010005549930109058,0
2020-11-24,0.0010912547505240666,-0.009928782500472766,0
2020-11-25,-0.0027109372959331665,-0.010141466419421444,0
2020-11-26,0.0027108921812607338,-0.010098295244511305,0
2020-11-27,0.0008958912432674,-0.009932765111873012,0
2020-11-30,-0.005434708217503566,-0.009810450643115615,0
2020-12-01,0.005591595242683003,-0.010102099379827909,0
2020-12-02,0.004948070594002266,-0.009983364666479642,0
2020-12-03,0.0023540449954275997,-0.009871704920892744,0
2020-12-04,0.006659190690509866,-0.009880476433983598,0
2020-12-07,0.0021348727757138667,-0.009942370454631406,0
2020-12-08,-0.004931878108826367,-0.010077306287617008,0
2020-12-09,0.0069437277824442,-0.009829995365852981,0
2020-12-10,-0.002268014417874133,-0.00989972468459271,0
2020-12-11,0.002807887205165489,-0.010013921335849222,0
2020-12-14,-0.0014938525433303334,-0.009733301090634515,0
2020-12-15,-0.00017966402647226666,-0.009835003678406694,0
2020-12-16,0.0008711999980411335,-0.010074814147974695,0
2020-12-17,-0.0019367212102779665,-0.010202845958668702,0
2020-12-18,0.00048330369201616657,-0.009952113054717986,0
2020-12-21,0.0015962328711911333,-0.010090095361051743,0
2020-12-22,-0.004899472070153699,-0.010247283836043548,0
2020-12-23,0.0051424766256966325,-0.010367387934193156,0
2020-12-24,0.005384526193434433,-0.010127956878706813,0
2020-12-28,0.0016009083476825113,-0.01004585388045223,0
2020-12-29,0.0051845848314100995,-0.010131134250267999,0
2020-12-30,0.006249874940401332,-0.009973273166261724,0
2021-01-04,0.0089826036677145,-0.009616830579544256,0
2021-01-05,0.0062698326666633,-0.009977062273905365,0
2021-01-06,-0.004576961048106666,-0.010134274126259469,0
2021-01-07,0.007443427872900566,-0.009907801422476138,0
2021-01-08,0.014093443291623098,-0.010017512593177945,0
2021-01-11,0.0023782806170943665,-0.009984418239158533,0
2021-01-12,-0.0033786960579299664,-0.01019815182671087,0
2021-01-13,0.0019755882889472337,-0.00979547158391914,0
2021-01-14,-0.0008552971198113665,-0.010028482755510312,0
2021-01-15,-0.006820137675031133,-0.010224977885174043,0
2021-01-18,-0.007209917810650001,-0.010130575583598075,0
2021-01-19,0.008505895602564267,-0.009841789921060384,0
2021-01-20,0.002264275882536666,-0.010275942412397852,0
2021-01-21,0.005081226077046545,-0.010192125068964398,0
2021-01-22,-0.003991181542951933,-0.010097603392816856,0
2021-01-25,0.007398430096701032,-0.010080200845654365,0
2021-01-26,-0.008913565118189137,-0.010076351882008266,0
2021-01-27,-0.0010739673398760666,-0.010285192995937662,0
2021-01-28,-0.006038027091329988,-0.010541143229985804,0
2021-01-29,-0.007318241231394767,-0.010660772274406989,0
2021-02-01,0.0069576398220550315,-0.010428704894758679,0
2021-02-02,0.0063221534337686,-0.010378084151876752,0
2021-02-03,0.0027837836964192996,-0.010466195751591797,0
2021-02-04,-0.006085457420273881,-0.010509363568625871,0
2021-02-05,0.004078544872948262,-0.010470205365006811,0
2021-02-08,-0.004051064062206947,-0.010080691874567,0
2021-02-09,-0.0005692505567467,-0.010115457429016697,0
2021-02-10,0.0016458003679669666,-0.010160758253604586,0
2021-02-15,0.0038626286485256003,-0.010404513577887442,0
2021-02-16,0.0019386232094172333,-0.010145423537530186,0
2021-02-17,-0.0035552427105012665,-0.010407079750031497,0
2021-02-18,-0.004473990791300967,-0.010501172777196456,0
2021-02-19,0.002233281367982033,-0.01048997754242024,0
2021-02-22,-0.0050199454993714,-0.010173792737343859,0
2021-02-23,-2.3541323262050144e-05,-0.010397445619903207,0
2021-02-24,-0.0054498193879207,-0.010704902087664453,0
2021-02-25,0.011016414575938065,-0.010368582564398465,0
2021-02-26,-0.0122471420978791,-0.01048488199594413,1
2021-03-02,0.004019562323799634,-0.010782511615114721,0
2021-03-03,0.004040023667002533,-0.010511256871076872,0
2021-03-04,-0.004802150477826467,-0.010506232300100634,0
2021-03-05,-0.0018867732769833332,-0.0107427480586561,0
2021-03-08,-0.0042856397250378665,-0.010467612753402888,0
2021-03-09,-0.003667266372741033,-0.010313497643447531,0
2021-03-10,-0.001747399284676133,-0.010208022932836408,0
2021-03-11,0.007770096763500265,-0.010501736766102348,0
2021-03-12,0.0004646374525430329,-0.01045935301433251,0
2021-03-15,-0.002520932379767,-0.010395736436605093,0
2021-03-16,0.004847016916593433,-0.01050112611784622,0
2021-03-17,-0.0037976013683800997,-0.010336792395709057,0
2021-03-18,0.0016823153457505998,-0.010646089709237609,0
2021-03-19,-0.0020877294838128374,-0.010348877581070894,0
2021-03-22,0.0020892310458688335,-0.010184949552900798,0
2021-03-23,-0.0023228520486272336,-0.010472067417157399,0
2021-03-24,-0.00023329998927520035,-0.00993998642743907,0
2021-03-25,0.0024398130941062335,-0.010238290059348797,0
2021-03-26,0.0017663273035770498,-0.009791306470463912,0
2021-03-29,-1.3676173985000434e-06,-0.00977161231019551,0
2021-03-30,0.0011555270235479999,-0.009743135616742529,0
2021-03-31,-0.0007477434902251667,-0.009155942951864761,0
2021-04-01,0.004106450386336667,-0.008562000045583381,0
2021-04-02,0.0030885392618735727,-0.008149902717898769,0
2021-04-06,0.00027481747724979985,-0.007888337286580015,0
2021-04-07,0.0011805543747041333,-0.0075244736431901715,0
2021-04-08,0.0013382400486723666,-0.007128339060771836,0
2021-04-09,-0.002121917758342633,-0.007322520950801732,0
2021-04-12,0.0012318399563540333,-0.007315835248682023,0
2021-04-13,0.0028652982263077994,-0.007154903480568376,0
2021-04-14,0.0036153145613887997,-0.00728371569456107,0
2021-04-15,-0.0005304909738386667,-0.007098389519237999,0
2021-04-16,-0.00033393459582719995,-0.006946921811476421,0
2021-04-19,0.0014838552924486333,-0.006949881334098272,0
2021-04-20,0.0011448342598576484,-0.006925160941801381,0
2021-04-21,-0.005776593963358834,-0.006891805202575616,0
2021-04-22,0.0010479288346412667,-0.006935682698235946,0
2021-04-23,-0.0014348096024793,-0.006823237752625457,0
2021-04-26,0.0015381147497909335,-0.00667432889460809,0
2021-04-27,0.0009186672595810666,-0.006839532856460157,0
2021-04-28,-0.0038631525377408665,-0.006884150900151392,0
2021-04-29,-0.001607366663319229,-0.006824298474353338,0
2021-04-30,-0.0031855077984005,-0.0069084613439289256,0
2021-05-03,-0.0023307110127446396,-0.006729026161777218,0
2021-05-04,0.002945456942572452,-0.006924627729511354,0
2021-05-06,0.002506648957907333,-0.0066805727858015125,0
2021-05-07,0.0020097555063459,-0.006946488023846719,0
2021-05-10,0.005209083820001332,-0.006862883290574544,0
2021-05-11,-0.005769739072495594,-0.006840769468823491,0
2021-05-12,-0.0052338822178702995,-0.006970947946254971,0
2021-05-13,-0.004756833375719433,-0.006947685697516825,0
2021-05-14,0.003090528417234868,-0.006763687673011716,0
2021-05-17,-0.00014290915177563322,-0.006714117051746737,0
2021-05-18,0.0038123603433433,-0.007066637846969817,0
2021-05-20,-0.0011428715388025665,-0.006830924750580073,0
2021-05-21,0.00010330338420426665,-0.00692364689510174,0
2021-05-24,-0.000894497249435354,-0.006691559072257656,0
2021-05-25,0.0027061878699768667,-0.006728404009367681,0
2021-05-26,-0.0007168450508074333,-0.006897153098503194,0
2021-05-27,2.4763275964133316e-05,-0.006802240120529982,0
2021-05-28,0.0014538712934393334,-0.006862135329487563,0
2021-05-31,-0.0006979239147598331,-0.006896854685987087,0
2021-06-01,0.0019797460745945,-0.006707291504817444,0
2021-06-02,-0.0006910141859144333,-0.0068603666785399305,0
2021-06-03,0.0033919928193598993,-0.006670708824762754,0
2021-06-04,-0.0008171982737158665,-0.00671564118384929,0
2021-06-07,0.0019284842924089665,-0.006749696457551005,0
2021-06-08,0.0005976158281144334,-0.006674631120652292,0
2021-06-09,-0.003298155804627533,-0.006640315763247753,0
2021-06-10,0.0013386565460448332,-0.006756170001070138,0
2021-06-11,0.0017417352340726331,-0.006752213634365926,0
2021-06-14,0.0010914542584347666,-0.006670901654412041,0
2021-06-15,0.00046588598955139994,-0.006714332474076731,0
2021-06-16,0.0022074116845495,-0.0067848452700161885,0
2021-06-17,-0.0023195129037987335,-0.006624771284358046,0
2021-06-18,0.002005344588527215,-0.006722665155912437,0
2021-06-21,-0.002165412434303433,-0.006728355562174204,0
2021-06-22,0.0013117603847441,-0.006723598286419971,0
2021-06-23,0.0020281398276704777,-0.006661465575168511,0
2021-06-24,0.00027906979448243325,-0.006691101753286272,0
2021-06-25,0.00022351227887333335,-0.006285688611431883,0
2021-06-28,-0.0016009868549158332,-0.005973605366171407,0
2021-06-29,-0.0004693148050922,-0.006034831292798834,0
2021-06-30,0.0018379156413758,-0.006094074060483211,0
2021-07-01,-0.0018301412796407647,-0.006034377388714153,0
2021-07-02,-0.0008509699097506666,-0.005910308949226236,0
2021-07-05,0.0024125186760109,-0.006037687059042927,0
2021-07-06,0.0019218940175955335,-0.0057739681782234655,0
2021-07-07,-0.0010211204655009333,-0.005884550314376188,0
2021-07-08,-0.0017517685202978668,-0.0057894731837440025,0
2021-07-09,-0.004283641518525066,-0.005921189275794119,0
2021-07-12,0.003551508713968767,-0.0060082878689038145,0
2021-07-13,0.0018772518218958332,-0.005987877533151135,0
2021-07-14,-0.000479866219815,-0.005886755151309335,0
2021-07-15,0.0005441345599187667,-0.005877873712268301,0
2021-07-16,-0.0003420786772392668,-0.0059424208803489096,0
2021-07-19,-0.002678694364215967,-0.005973033004029241,0
2021-07-20,0.0011377933886246,-0.005752083249840423,0
2021-07-21,-0.0011741849586042667,-0.005887224586315277,0
2021-07-22,0.002836899449598795,-0.005888736830052799,0
2021-07-23,0.0014349321763331,-0.0060036682930277654,0
2021-07-26,-0.0027596665107798334,-0.006066418147182324,0
2021-07-27,0.0006942474489231332,-0.005843302163021984,0
2021-07-28,0.0008247242848948332,-0.005862528844018586,0
2021-07-29,-0.0003969570347859,-0.005755541510017662,0
2021-07-30,-0.0035281579634535,-0.005754706839660673,0
2021-08-02,0.0010004014696939666,-0.005897071140824594,0
2021-08-03,0.003255054848770063,-0.0059249340909552336,0
2021-08-04,0.005154027081714267,-0.005945859764716886,0
2021-08-05,-0.0003149779496574751,-0.005848716815469054,0
2021-08-06,-0.0019504737836086,-0.005870644997056784,0
2021-08-09,-0.0024444995135512997,-0.005807658427900717,0
2021-08-10,-0.002302903552845167,-0.005825361690067561,0
2021-08-11,-0.0026627420241017666,-0.005806317595337571,0
2021-08-12,-0.0019023194505715334,-0.006013127248399383,0
2021-08-13,-0.005716346184660566,-0.006015185713623595,0
2021-08-17,-0.002380305708196233,-0.0059665000670205935,0
2021-08-18,0.002234231511150833,-0.006089540042990576,0
2021-08-19,-0.0062136402851259995,-0.006015530372097278,1
2021-08-20,-0.0032538775676127668,-0.006063794940455759,0
2021-08-23,0.002208584122150467,-0.006176960944574882,0
2021-08-24,0.004525727504391934,-0.006023517287852258,0
2021-08-25,0.0011661748773468667,-0.006176840212812983,0
2021-08-26,-0.0021782957550425,-0.006044085279775522,0
2021-08-27,-0.0005391141511181999,-0.00613141522386875,0
2021-08-30,0.001754046678179513,-0.005774536394244647,0
2021-08-31,0.0068308296630458665,-0.0058632669174673675,0
2021-09-01,-0.00022564906925406661,-0.005905831893037358,0
2021-09-02,-0.003374099583364733,-0.00577084677050762,0
2021-09-03,0.0017420868357113015,-0.005841060216915288,0
2021-09-06,0.00019948165643393344,-0.005864165360197111,0
2021-09-07,-0.0013251896077755667,-0.00590745297210585,0
2021-09-08,-0.004826023528048067,-0.005706702493568944,0
2021-09-09,-0.0054515032263280335,-0.005735592882569151,0
2021-09-10,0.0014993993034196813,-0.005822127578091112,0
2021-09-13,-6.295359845109987e-05,-0.0059285032984212485,0
2021-09-14,0.0010403476404592666,-0.005788867871865209,0
2021-09-15,0.0016568150350570665,-0.005878907524101211,0
2021-09-16,-0.0033498184742681,-0.005746749404118372,0
2021-09-17,-1.4505787693799956e-05,-0.005844628416927799,0
2021-09-23,-0.0013333726297864333,-0.0057824010701936395,0
2021-09-24,-0.0020896791964759667,-0.00583124839657164,0
2021-09-27,0.0008163911070575245,-0.00583903767704639,0
2021-09-28,-0.007290068126900333,-0.005779261141116606,1
2021-09-29,-0.003825439968012188,-0.005858027296497684,0
2021-09-30,0.0013306444389135665,-0.005972693828222384,0
2021-10-01,-0.007207937826297266,-0.005929838680734452,1
2021-10-05,-0.0057232631867827,-0.005828436426553083,0
2021-10-06,-0.009370111744509467,-0.005899952720908658,1
2021-10-07,0.0062099424410273,-0.006057649679243084,0
2021-10-08,-0.0003352445650533733,-0.005948148487960215,0
2021-10-12,-0.009046046517592833,-0.005882459485821168,1
2021-10-13,0.004984107124957366,-0.005986640672248707,0
2021-10-14,0.005807882711139129,-0.0061775105711983,0
2021-10-15,0.003256345251616032,-0.006088241490339377,0
2021-10-18,-0.0030009987842961666,-0.005993182830380449,0
2021-10-19,0.003770991777826933,-0.0060103614095674725,0
2021-10-20,-0.0020019927425533666,-0.0060045513470898745,0
2021-10-21,2.7541990059566627e-05,-0.006019734033343507,0
2021-10-22,-0.0007188116504975999,-0.006240729293971552,0
2021-10-25,0.0013692854303590666,-0.006068356591140596,0
2021-10-26,0.0015683162307585665,-0.0060126986536424,0
2021-10-27,-0.004503649094470534,-0.006019263437735437,0
2021-10-28,0.0021613702058677665,-0.0061604885434367535,0
2021-10-29,-0.011792552947755866,-0.006101104130903255,1
2021-11-01,0.004490059578769299,-0.00607626370533612,0
2021-11-02,0.005554499624834999,-0.0063801417764463835,0
2021-11-03,-0.005021361498244853,-0.006344211419944519,0
2021-11-04,0.003644883459856433,-0.006383569435508689,0
2021-11-05,0.0015021282251545666,-0.006226983928058726,0
2021-11-08,0.00046279825186986665,-0.006313310175277622,0
2021-11-09,0.0026458758308532,-0.0061209324043017075,0
2021-11-10,-0.004339677000326967,-0.006149936785559748,0
2021-11-11,-0.0012416491506436333,-0.0061372633374717645,0
2021-11-12,0.0026393037637943003,-0.006149139926576786,0
2021-11-15,0.0061335533109338,-0.006165555743284415,0
2021-11-16,-0.0020078883761580333,-0.006231149547749696,0
2021-11-17,-0.0050503257857153995,-0.006186761180607661,0
2021-11-18,-0.0007111662662959335,-0.006269290718411236,0
2021-11-19,0.0017894452120781335,-0.006042741977148761,0
2021-11-22,0.006796615195000101,-0.006271873305029106,0
2021-11-23,-0.003706374071879733,-0.006187636351878757,0
2021-11-24,-0.00033147446475156666,-0.006167588627286663,0
2021-11-25,-0.00046829290845533324,-0.006317487946898045,0
2021-11-26,-0.0026115803046073663,-0.006178640696042919,0
2021-11-29,-0.0032543732151562666,-0.0063114587647978395,0
2021-11-30,-0.0047145114718497,-0.0063750828701966775,0
2021-12-01,0.008908367339915782,-0.006350226932199887,0
2021-12-02,0.005205032585402658,-0.006240182220998622,0
2021-12-03,0.0007399176735929668,-0.006291986185610583,0
2021-12-06,0.0011598468590549,-0.006405970032438571,0
2021-12-07,0.0020482561337510333,-0.006291793857106875,0
2021-12-08,0.0032843259257834,-0.006239705578653517,0
2021-12-09,0.0014050619287047665,-0.00604515900673576,0
2021-12-10,-0.0025841701073315666,-0.006148924862767526,0
2021-12-13,0.0007792018073080666,-0.006313076646149312,0
2021-12-14,-0.0011829301811009665,-0.006313905819021087,0
2021-12-15,6.371372385069999e-05,-0.006197026029013521,0
2021-12-16,0.0026386943556425996,-0.006301368214569254,0
2021-12-17,0.0008209363475749639,-0.006262164506728215,0
2021-12-20,-0.004731779655839567,-0.0061080733029123275,0
2021-12-21,0.003473711993743133,-0.006177568439439241,0
2021-12-22,4.15739846316666e-05,-0.006192062529821721,0
2021-12-23,-0.0008979729009735667,-0.00612888191085755,0
2021-12-24,0.0032734911493269665,-0.006214509522561702,0
2021-12-27,-0.0013760224335348998,-0.006205412058977053,0
2021-12-28,0.002488669573592833,-0.00615172667453277,0
2021-12-29,-0.00015976697848349991,-0.0062482019712148,0
2021-12-30,-0.0042822269643796,-0.006111153669909204,0
2022-01-04,-0.0020387830275284996,-0.006220785398720447,0
2022-01-05,-0.006606030486676533,-0.006286522691440748,1
2022-01-06,-0.007617162764614733,-0.006341706054595895,1
2022-01-07,0.004461698593557366,-0.006355277613575063,0
2022-01-10,-0.0025892819482729,-0.006294023146891852,0
2022-01-11,0.0008450926003654331,-0.006477287419193445,0
2022-01-12,0.007644838302007233,-0.006381742708933556,0
2022-01-13,-0.0005030497916894001,-0.006356222918263021,0
2022-01-14,-0.00797779515346,-0.006269768963468821,1
2022-01-17,-0.005524081391623567,-0.0063399196059656,0
2022-01-18,-0.0026749720793679665,-0.006303771107142703,0
2022-01-19,-0.0008442640276042668,-0.006335487028763927,0
2022-01-20,0.0006408465200222332,-0.0064413116819820836,0
2022-01-21,-0.0029307160782433,-0.006255835794892666,0
2022-01-24,-0.0038172645560672334,-0.006205122193068122,0
2022-01-25,-0.009254962715851333,-0.006373823554074354,1
2022-01-26,-0.0011281842659482,-0.006247879142897389,0
2022-01-27,-0.0133494497321816,-0.006327111148311916,1
2022-01-28,0.010707712977593865,-0.006445792343136577,0
2022-02-03,0.004010977210021234,-0.006537206225759584,0
2022-02-04,0.0024698411258905323,-0.006593431949668875,0
2022-02-07,-0.004218511157947166,-0.006636372182134048,0
2022-02-08,-0.003053636421254633,-0.006368857970197479,0
2022-02-09,0.006639336750451366,-0.006624269920821553,0
2022-02-10,0.0028908233799253996,-0.006416122750582581,0
2022-02-11,-0.005728555166311733,-0.006412825001761633,0
2022-02-15,-0.004736227041777933,-0.006346406147757238,0
2022-02-16,0.006587448597854367,-0.006511807400361384,0
2022-02-17,0.0022745764464783334,-0.006431387712470746,0
2022-02-18,-0.0016966800863257331,-0.006347791537316461,0
2022-02-21,-0.0018680469183449998,-0.006471367171797935,0
2022-02-22,-0.002387670308812067,-0.006314696285249891,0
2022-02-23,0.0009234631599056664,-0.006361733842614937,0
2022-02-24,-0.005043720538428767,-0.006385647062325439,0
2022-02-25,0.0019433714448837337,-0.006361626685055957,0
2022-02-28,0.0030628790901080665,-0.006339331654573247,0
2022-03-02,0.0010814138367132666,-0.0065170162499902234,0
2022-03-03,0.004817821708269633,-0.006299826582568974,0
2022-03-04,-0.0056099200032845,-0.006345153670094088,0
2022-03-07,-0.009324144617919031,-0.006392511452502479,1
2022-03-08,-0.004611068204608367,-0.006385536402627543,0
2022-03-10,0.0068157691306758,-0.006407096923780671,0
2022-03-11,-0.0003847804456235502,-0.00635715770544128,0
2022-03-14,-0.0015508188031932667,-0.006149112095384133,0
2022-03-15,-0.003415356763992248,-0.0061939329231664895,0
2022-03-16,0.0051444719588418664,-0.0061969261515415685,0
2022-03-17,0.0071975406169855665,-0.006146317244784585,0
2022-03-18,-0.00023645110384566665,-0.006193881407548031,0
2022-03-21,-0.0038347211596366335,-0.006193042872126995,0
2022-03-22,-0.0009007942110571333,-0.0061535010623950444,0
2022-03-23,0.002647689488709633,-0.006210043570251744,0
2022-03-24,-0.0021564640285156,-0.0061022243754777035,0
2022-03-25,-0.0019895427018045,-0.006103427121547764,0
2022-03-28,-0.006873016835274299,-0.006126343347279173,1
2022-03-29,0.004130552187954933,-0.006215199901761314,0
2022-03-30,0.004429446704459566,-0.006281365116469982,0
2022-03-31,-0.0018215985548541331,-0.006207207313624049,0
2022-04-01,-0.004519865435363066,-0.00620478297330208,0
2022-04-04,-0.0012054672713476332,-0.006221767389906824,0
2022-04-05,-0.0003407407332121667,-0.006261207661949625,0
2022-04-06,-0.005898238559425133,-0.006094592448555993,0
2022-04-07,-0.003555859855343299,-0.006306205784404017,0
2022-04-08,-0.0017963474531675998,-0.00625120088216295,0
2022-04-11,-0.005114580139733733,-0.006472612028751572,0
2022-04-12,-0.003206805091934733,-0.0064182320306586564,0
2022-04-13,0.008032645247522533,-0.0062812126425130085,0
2022-04-14,0.0011190494891458,-0.006367364765821658,0
2022-04-15,-0.006188754849549599,-0.006418012529072717,0
2022-04-18,-0.0017720857831638,-0.00639924567493066,0
2022-04-19,0.003717799953789267,-0.006592971303642509,0
2022-04-20,0.0011471508191274332,-0.006527461750162478,0
2022-04-21,0.002736138234163967,-0.006462017903826513,0
2022-04-22,-0.0057738538705304,-0.006479599973326696,0
2022-04-25,-0.00018099107837223237,-0.006475124690752511,0
2022-04-26,0.0016928199452604998,-0.006407943736191209,0
2022-04-27,-0.0033478579514021564,-0.006471369034069915,0
2022-04-28,0.0031594999856112997,-0.006542151759741894,0
2022-04-29,0.002860670121788334,-0.006619812685995513,0
2022-05-03,-0.008456796604370199,-0.006434330445847881,1
2022-05-04,-0.0014146507451471666,-0.006709312748147105,0
2022-05-06,-0.0030304744365873995,-0.0066640196528523765,0
2022-05-10,-0.0030204357553332,-0.006591689203987767,0
2022-05-11,0.0043927106821412,-0.006706784834577556,0
2022-05-12,-0.0023763807523778,-0.006831598206053894,0
2022-05-13,0.007143106388131966,-0.006666947797926947,0
2022-05-16,-0.0039003430749457333,-0.006638100251419105,0
2022-05-17,0.0033332478953069,-0.006621136092698733,0
2022-05-18,-0.0009217783137795333,-0.0065633645899673704,0
2022-05-19,-0.0039926077866712,-0.006603931672327894,0
2022-05-20,0.008054670734231899,-0.006664178582269035,0
2022-05-23,0.0003561310096950332,-0.006620189426116817,0
2022-05-24,-0.004394849870289633,-0.006684376869832717,0
2022-05-25,0.0033842953581863,-0.006659639093542267,0
2022-05-26,-0.0032369359248029996,-0.006768821449035033,0
2022-05-27,0.0046226185701604,-0.006690667680633158,0
2022-05-30,0.004568126628830034,-0.006521675273307611,0
2022-05-31,-0.0028666953330353994,-0.006554005987482074,0
2022-06-02,-0.007444364561024332,-0.0065729510810176636,1
2022-06-03,0.0025674292552862995,-0.006530895745949177,0
2022-06-07,-0.010705445568437931,-0.006679378935563881,1
2022-06-08,0.0026901156048005368,-0.0068026336140201244,0
2022-06-09,-0.0013270220216832333,-0.006648142448195023,0
2022-06-10,-0.0040004624646634,-0.0067777878029518105,0
2022-06-13,-0.01750764560566573,-0.006827345682713168,1
2022-06-14,-0.0023952816280482,-0.007284330114745891,0
2022-06-15,-0.010547009738552932,-0.007166298185642861,1
2022-06-16,0.0007559698466079334,-0.007253684094947848,0
2022-06-17,-0.004259960735855033,-0.007127071074913501,0
2022-06-20,-0.005046597951543799,-0.007399788736406116,0
2022-06-21,0.0023136330165342564,-0.007356512174265809,0
2022-06-22,-0.005089022696033934,-0.0073419094684031815,0
2022-06-23,-0.002323611394518667,-0.00730903557625287,0
2022-06-24,0.009139440223033899,-0.007405449316509169,0
2022-06-27,0.0016037877867817996,-0.00741147438402894,0
2022-06-28,0.0046853318975201,-0.007530494398461312,0
2022-06-29,-0.0057534491227947335,-0.0073874054064059684,0
2022-06-30,-0.005290230730104026,-0.007461659807970871,0
2022-07-01,0.002401908392451666,-0.007377563054909407,0
2022-07-04,-3.8187066198499975e-05,-0.007445994464442833,0
2022-07-05,0.0092680434476408,-0.007527430596215968,0
2022-07-06,-0.0035656695430443005,-0.007479660265736615,0
2022-07-07,0.006417874351948566,-0.007553972326776598,0
2022-07-08,-0.0009628071297327998,-0.007573371875028414,0
2022-07-11,-0.0018477006941399528,-0.007532754299729901,0
2022-07-12,-0.002660149970610166,-0.007587795528372368,0
2022-07-13,0.0047200792590459005,-0.007521416331171747,0
2022-07-14,-0.002379165058946933,-0.007641230225137836,0
2022-07-15,0.0038476051794720666,-0.0075017368709611055,0
2022-07-18,0.007476684443873299,-0.007561676518422133,0
2022-07-19,-0.0012710736454721,-0.007433935443089865,0
2022-07-20,-0.0009022684968885669,-0.007640156682701868,0
2022-07-21,0.0036265154128370665,-0.007629171040081201,0
2022-07-22,0.0002898727475930998,-0.007652164523252743,0
2022-07-25,0.004642304292278833,-0.007575010049570893,0
2022-07-26,0.0017934737578708,-0.007443305826344257,0
2022-07-27,0.001653912438111133,-0.007701993076799193,0
2022-07-28,0.00019177468844253347,-0.007521249704015908,0
2022-07-29,0.004436628356071866,-0.00756941172177544,0
2022-08-01,-0.0020291939551475334,-0.007554674596463939,0
2022-08-02,0.000911724834969,-0.007564196109708093,0
2022-08-03,0.000978738110038933,-0.007511032850625141,0
2022-08-04,0.0011950983308818997,-0.007562040718080075,0
2022-08-05,0.0029030558306717665,-0.007580939533312202,0
2022-08-08,-0.0021768205642147998,-0.007544218005751413,0
2022-08-09,0.0016241442720981334,-0.0075614446135284195,0
2022-08-10,-0.0054526574895365654,-0.007520658191662545,0
2022-08-11,0.004489139824343134,-0.007616040473926198,0
2022-08-12,-0.0006100970849559002,-0.007522885327002459,0
2022-08-16,0.006308853413667166,-0.007674185042981689,0
2022-08-17,-0.0028857400209462997,-0.007610602690988011,0
2022-08-18,-0.0022702462536611664,-0.007545524518982428,0
2022-08-19,-0.0051815807958078336,-0.007486348445510166,0
2022-08-22,-0.005830013329963999,-0.0077246470136099685,0
2022-08-23,-0.005186994681676567,-0.007722089846831566,0
2022-08-24,-0.00040466073778543636,-0.007766866954799709,0
2022-08-25,-0.002544978873591233,-0.007712509741134038,0
2022-08-26,-0.00029123293050489996,-0.007820355072351815,0
2022-08-29,-0.011582933513069866,-0.00761360994405385,1
2022-08-30,0.004116166391403967,-0.007813576730995902,0
2022-08-31,0.00014626129892753354,-0.00766936642957861,0
2022-09-01,-0.009090251499225167,-0.007879619921763633,1
2022-09-02,0.0008652539051985668,-0.007848272233953719,0
2022-09-05,0.002587535074618433,-0.007703097962597751,0
2022-09-06,-0.0012990131671074667,-0.007761561243307558,0
2022-09-07,-0.006245938577801366,-0.007731571333693224,0
2022-09-08,0.005427850304027933,-0.007854581710395133,0
2022-09-13,0.0104324670509629,-0.00789475997130694,0
2022-09-14,-0.007162039379939034,-0.007986092752431282,0
2022-09-15,-0.006994421920548933,-0.007979702265513568,0
2022-09-16,-0.0022759761758735664,-0.007950552836657578,0
2022-09-19,-0.0029897739500190663,-0.008003553123102584,0
2022-09-20,0.00037208272423069997,-0.008033087641055389,0
2022-09-21,-0.005555911537637533,-0.008008683327218801,0
2022-09-22,-0.008212929083435034,-0.008009545441367626,1
2022-09-23,-0.008371393197748832,-0.008153280934820595,1
2022-09-26,-0.0161283409914392,-0.00839571246930048,1
2022-09-27,0.005158157436088899,-0.00856203075976694,0
2022-09-28,-0.009350984775492467,-0.008299583435316109,1
2022-09-29,0.0004706427272029667,-0.008465851236993449,0
2022-09-30,0.002546737213387933,-0.008474099799313363,0
2022-10-04,0.012404398097064265,-0.008541211238101346,0
2022-10-05,-0.0016585095531072333,-0.008677564933696716,0
2022-10-06,0.0023130520867290665,-0.00865324906404417,0
2022-10-07,-0.0052499361305603995,-0.0084047177365408,0
2022-10-11,-0.009714506004646899,-0.00844225697905206,1
2022-10-12,0.009927236279314966,-0.008647973832493295,0
2022-10-13,-0.009373156445909065,-0.008604412216728927,1
2022-10-14,0.0095013916990828,-0.008876575832646557,0
2022-10-17,-0.0006682358790424333,-0.008750978758920468,0
2022-10-18,0.0023787222408837333,-0.008732789798358736,0
2022-10-19,-0.0061323656477454995,-0.008722662879408908,0
2022-10-20,-0.0036283388849401,-0.008761849180879727,0
2022-10-21,-0.007903328861695133,-0.008523030358466764,0
2022-10-24,0.0097498399590383,-0.008649894743251644,0
2022-10-25,0.003966042521501966,-0.008720839884956196,0
2022-10-26,0.006631839885505933,-0.008652192685987098,0
2022-10-27,0.005912372665620257,-0.008582670820798216,0
2022-10-28,-0.0009903901401322334,-0.00858985226426479,0
2022-10-31,0.0021325185273033996,-0.008517454918886995,0
2022-11-01,0.008524078614366533,-0.00879316409728742,0
2022-11-02,-0.0006837235467475667,-0.00859008586553231,0
2022-11-03,-0.0035628328821584667,-0.008747481424505854,0
2022-11-04,0.004381548735013967,-0.008576448835081253,0
2022-11-07,0.0006441001464817665,-0.008667178067007692,0
2022-11-08,0.006000753432465966,-0.008564407084863388,0
2022-11-09,0.0059415181977940995,-0.00877440399884762,0
2022-11-10,-0.0017082810130243336,-0.008662803392974618,0
2022-11-11,0.0206866013335627,-0.008682543882378338,0
2022-11-14,-0.0032894982923807664,-0.008647482008750151,0
2022-11-15,0.003326639385790433,-0.00868412796365526,0
2022-11-16,-0.0021855070784145,-0.008856105264541638,0
2022-11-17,-0.001506982810154033,-0.008578338749222088,0
2022-11-18,-0.0009494895665523666,-0.008812728921551738,0
2022-11-21,-0.0011434869192844667,-0.00863681076951746,0
2022-11-22,-0.0023566796588285663,-0.008761131847036415,0
2022-11-23,0.0016534230198066002,-0.00879530423873857,0
2022-11-24,0.008737054886265366,-0.00851923976330668,0
2022-11-25,-0.0006692049786569334,-0.008771764982019314,0
2022-11-28,-0.0040936218956773,-0.008649444140004299,0
2022-11-29,0.0018710998537138333,-0.008501861804120481,0
2022-11-30,0.005649458633473134,-0.008860983883860531,0
2022-12-01,0.0017023765078245,-0.008687325964697998,0
2022-12-02,-0.004783769380697633,-0.008577262564056462,0
2022-12-05,-5.228192634320009e-05,-0.008837858581759062,0
2022-12-06,-0.0032454287412523,-0.008859503660848181,0
2022-12-07,-0.0019914737774361668,-0.008902848891121064,0
2022-12-08,-9.689290972559998e-05,-0.008648410866741021,0
2022-12-09,0.004361226137147133,-0.008640612704243612,0
2022-12-12,-0.0016584852557151664,-0.008782041463758678,0
2022-12-13,-0.0009134413706166,-0.008714819090224896,0
2022-12-14,0.0067880440872350005,-0.008534999339109844,0
2022-12-15,-0.005358912739875699,-0.008682507155647725,0
2022-12-16,-0.00018243737361443337,-0.0087235823928211,0
2022-12-19,-0.0007374952352845845,-0.00881066367240887,0
2022-12-20,-0.0099323432858644,-0.008569486826798419,1
2022-12-21,0.00043818216379289994,-0.008953759662067934,0
2022-12-22,0.0074827174702031,-0.008771853636916859,0
2022-12-23,-0.008271644528712633,-0.008727323370655743,0
2022-12-26,-0.001936925786379533,-0.008938934966751322,0
2022-12-27,0.003354889482406,-0.008908861690327511,0
2022-12-28,-0.0067344177178513326,-0.008964229947287143,0
2022-12-29,-0.007027770240504967,-0.009122332870187263,0
2023-01-02,-0.004064609450940148,-0.009101037422626848,0
2023-01-03,0.005159420603959566,-0.008892448700079353,0
2023-01-04,0.008912056768048366,-0.008917698080775782,0
2023-01-05,0.0036953566761256406,-0.009061705641686502,0
2023-01-06,0.0037289513184433996,-0.008930484910518045,0
2023-01-09,0.012245591062630833,-0.00909406866268367,0
2023-01-10,0.0014633972272390333,-0.00890017887411579,0
2023-01-11,0.0023174553193685997,-0.009034029141055954,0
2023-01-12,0.0010026055309696666,-0.009027852527724853,0
2023-01-13,0.006664810113238033,-0.008839839629630865,0
2023-01-16,0.00015167503595703324,-0.008911007581213909,0
2023-01-17,-0.004849752798759633,-0.009037058408771934,0
2023-01-18,0.0021708457310868332,-0.009141090889474323,0
2023-01-19,0.006438070077737933,-0.008916660431147671,0
2023-01-20,-0.000950415362520233,-0.008991198034858783,0
2023-01-25,0.007049096687137767,-0.00880727418296277,0
2023-01-26,0.004576230269912234,-0.008864712079416685,0
2023-01-27,0.0009858701068895328,-0.008906883011915221,0
2023-01-30,-0.0035069404984779,-0.00893573968120636,0
2023-01-31,-0.0082581615998368,-0.008960010001140583,0
2023-02-01,0.007042937657684299,-0.008936376480819215,0
2023-02-02,0.005055701234426233,-0.008773526811696283,0
2023-02-03,0.0038754135727215,-0.008857227128625638,0
2023-02-06,-0.012861352832509564,-0.008980085469016059,1
2023-02-07,0.0010335881073404,-0.00913212412263556,0
2023-02-08,0.004987953898896933,-0.008926174890620878,0
2023-02-09,-0.0025102579923919665,-0.008917641013021914,0
2023-02-10,-0.0012271727543145667,-0.008850241180716076,0
2023-02-13,-0.004410886036251433,-0.00887027832826685,0
2023-02-14,0.0037123289544580998,-0.00882766582081704,0
2023-02-15,-0.008605000900688898,-0.008940143956075685,0
2023-02-16,0.006266040091000466,-0.008922530667050885,0
2023-02-17,-0.008410176186526333,-0.008922666995173011,0
2023-02-20,0.0014541620605709666,-0.00886469215145472,0
2023-02-21,0.0005045703386090999,-0.008710621658093056,0
2023-02-22,-0.0078043427202292995,-0.008721998260717411,0
2023-02-23,0.006246189272392601,-0.00871137950540062,0
2023-02-24,-0.0010773521980613667,-0.008633217494244685,0
2023-02-27,-0.0056892957568134995,-0.008775898511556602,0
2023-02-28,-0.0045456912796071666,-0.008991118310555636,0
2023-03-02,-0.0011423793936624332,-0.00883813568626462,0
2023-03-03,0.0029252802090778667,-0.008887312832069323,0
2023-03-06,0.006198922542430232,-0.00904696407308223,0
2023-03-07,0.0009181547094570669,-0.009118201498462113,0
2023-03-08,-0.007781062697270899,-0.008961502888569974,0
2023-03-09,-0.0012088297556499998,-0.009035142288198272,0
2023-03-10,0.0020652464032611326,-0.008857735867480392,0
2023-03-13,0.010535740891723398,-0.008842636243865202,0
2023-03-14,-0.0032340265895247325,-0.008994937493450983,0
2023-03-15,-0.0019593015179062002,-0.008880407385259725,0
2023-03-16,0.0007458622493164666,-0.008830857930133818,0
2023-03-17,0.0031491428657449,-0.008748785942291412,0
2023-03-20,0.0012319285004084334,-0.008830299549170561,0
2023-03-21,0.0009289232281222667,-0.008786076547690777,0
2023-03-22,0.004740213307715134,-0.008808985327338285,0
2023-03-23,0.0024040187265525663,-0.008881660015668634,0
2023-03-24,0.0008065765727243668,-0.008897774110716357,0
2023-03-27,-0.0032661773438834667,-0.008961996254566656,0
2023-03-28,0.0027391912712384997,-0.008715487827941465,0
2023-03-29,0.00035887797179713334,-0.008680622252142464,0
2023-03-30,0.0018989836241468867,-0.00874750798419789,0
2023-03-31,0.003518814954166033,-0.00878664968688481,0
2023-04-03,-0.0037252010157308997,-0.008676201029815984,0
2023-04-04,0.004422121202965367,-0.008748899663034949,0
2023-04-05,0.0020221021764614665,-0.008734431609221683,0
2023-04-06,-0.0041944817749487,-0.008733713239653754,0
2023-04-07,0.005028283742104633,-0.008708713779413468,0
2023-04-10,0.004796337928809933,-0.008780298811347512,0
2023-04-11,0.0036385682653269,-0.00891799783696243,0
2023-04-12,0.0010200755440192,-0.008813617489119316,0
2023-04-13,0.0006928384144517667,-0.00870113264741031,0
2023-04-14,0.0013513540946778,-0.008766442754341757,0
2023-04-17,-0.0023388393860010333,-0.008524552183496278,0
2023-04-18,-0.0007225490927222666,-0.008494930611737794,0
2023-04-19,-0.0005566088464370333,-0.008697417832325964,0
2023-04-20,-0.0016951574732231001,-0.008602058424017794,0
2023-04-21,0.0008286970589252,-0.0084427620046057,0
2023-04-24,-0.001030978787589433,-0.008548576109323906,0
2023-04-25,-0.0047629959556108655,-0.008624334703223234,0
2023-04-26,0.00026301080695019996,-0.008415300955005027,0
2023-04-27,-0.0002097014730563334,-0.00843062923830028,0
2023-04-28,0.0003462409980094999,-0.008776897323267922,0
2023-05-02,0.002632801703342767,-0.008572420970145348,0
2023-05-03,-0.0007533570172097663,-0.00838082267516479,0
2023-05-04,0.0006607630245150999,-0.008683240760592148,0
2023-05-08,0.0028300063313001994,-0.00839943058330571,0
2023-05-09,-0.0007238655717944665,-0.008499283902184749,0
2023-05-10,-0.002964749693333133,-0.0085834275330225,0
2023-05-11,0.0010038352620306,-0.00860879728502229,0
2023-05-12,-0.0009670110992250998,-0.008520205994732044,0
2023-05-15,-0.0017168307024834667,-0.008517539369867554,0
2023-05-16,0.002601213336271133,-0.008555281323973438,0
2023-05-17,0.0005429844165034665,-0.008494836126794681,0
2023-05-19,0.0046529531715027985,-0.008288412738757949,0
2023-05-22,0.003052511453916833,-0.008438442613593018,0
2023-05-23,-0.0013576055306994664,-0.008409112712485468,0
2023-05-25,-0.005567570156783966,-0.008303501947206136,0
2023-05-26,-0.00035468501499019993,-0.008360550958269658,0
2023-05-30,0.003927029012245233,-0.008442152571647462,0
2023-05-31,0.0020130652007762664,-0.008300999196480993,0
2023-06-01,-0.0017314453520677333,-0.008423619951736938,0
2023-06-02,0.006313769480731432,-0.008555331929070249,0
2023-06-05,-0.0017934609587853998,-0.008153969077360206,0
2023-06-07,0.0015236738966893334,-0.008282704271453356,0
2023-06-08,-0.0043342376833167325,-0.008350590324556009,0
2023-06-09,0.005159743242600333,-0.008488697197408477,0
2023-06-12,-0.0012973929227940001,-0.008318017927410912,0
2023-06-13,0.0015653881391739,-0.008317559417808576,0
2023-06-14,-0.0038689230679753994,-0.008284210916064506,0
2023-06-15,-0.0029382936334139,-0.00828742552542292,0
2023-06-16,0.002916855874231333,-0.008250629263962868,0
2023-06-19,-0.0012746425384172332,-0.008268277049762685,0
2023-06-20,-0.00046621521094263334,-0.008200218938762428,0
2023-06-21,-0.0019711657077028,-0.008147628422446176,0
2023-06-22,-0.0005395231095155665,-0.008074381753168828,0
2023-06-23,-0.002348555976751533,-0.007852943863825332,0
2023-06-26,0.0039319162449344336,-0.00789328945344833,0
2023-06-27,-8.646517886309998e-05,-0.007879066604215522,0
2023-06-28,-0.0019037523019435998,-0.007823917150383393,0
2023-06-29,-0.0003225338945505637,-0.007647824603227194,0
2023-06-30,-0.0020551337793463667,-0.0076160536629976084,0
2023-07-07,-0.008146760214865,-0.00775916759790108,1
2023-07-10,-0.0028927637135161,-0.007666071454528086,0
2023-07-14,0.0221828666300528,-0.007889089306677186,0
2023-07-17,-0.0008887487299984668,-0.008020107317935881,0
2023-07-19,0.0011172434674090333,-0.008199143520947168,0
2023-07-20,-0.002395197171402533,-0.008015767540214032,0
2023-07-21,-0.0007871481658359666,-0.007867463978823517,0
2023-07-24,0.002294813890796,-0.008024119150759521,0
2023-07-26,-0.004200866859653309,-0.007995391233389083,0
2023-07-28,0.0007991974865809665,-0.008073717040833261,0
2023-08-03,-0.0058915891356217,-0.007908193227829922,0
2023-08-04,-0.0012947493785993,-0.007833989524475024,0
2023-08-07,0.002135285042857133,-0.008176809869346663,0
2023-08-08,-0.0007988216598841334,-0.008170897321969255,0
2023-08-09,0.0026406203511731,-0.007916576245623282,0
2023-08-10,-0.0017713036116580668,-0.007886998331200878,0
2023-08-11,-0.0021506308624954,-0.007851587389878695,0
2023-08-14,-0.0047745624447663,-0.007978809364060266,0
2023-08-16,-0.004228186130797066,-0.008046623456001224,0
2023-08-17,-0.004983570687453,-0.007968764524146004,0
2023-08-18,0.001595924459743933,-0.007976563993819897,0
2023-08-21,-0.0018974922643739665,-0.008300756421749387,0
2023-08-22,0.0010341902546426001,-0.008136333163474032,0
2023-08-23,0.0017056153253008,-0.008178314065840834,0
2023-08-24,0.005623354693912099,-0.00808121505046121,0
2023-08-25,-0.005501923446709134,-0.008216550436034413,0
2023-08-28,0.004581242791913367,-0.008121660442047386,0
2023-08-29,0.0025488519868442335,-0.008090912110811588,0
2023-08-30,0.0007240255185816001,-0.008242376862008592,0
2023-08-31,0.0011012677369514332,-0.008172005113995476,0
2023-09-01,0.0049786668175359665,-0.008062088330963767,0
2023-09-04,-0.0003717981728774998,-0.008097027007264855,0
2023-09-05,-0.0015754501971493998,-0.008167671507152125,0
2023-09-06,-0.0019112522412891998,-0.008210071815463923,0
2023-09-07,-0.0049101721720365,-0.008235346066257553,0
2023-09-08,0.0034029663800651663,-0.008130004865781278,0
2023-09-11,-0.0019551001168816003,-0.0081002044831488,0
2023-09-12,-0.0012263493255404334,-0.008305546349279134,0
2023-09-13,0.00015824952511466666,-0.008226852636214057,0
2023-09-14,0.006365554146885966,-0.008196725133924731,0
2023-09-15,0.003785893096509266,-0.008012151225153448,0
2023-09-18,-0.005694560396764299,-0.008081542325413825,0
2023-09-19,-0.0011069247793231336,-0.008107533133819974,0
2023-09-20,-0.0013396824626088,-0.007997507560199808,0
2023-09-21,-0.007317200210550566,-0.008025391510395434,0
2023-09-22,-0.00027175930641540005,-0.008166889156120691,0
2023-09-25,0.0005731849884412,-0.008051893925809399,0
2023-09-26,-0.00494758953426826,-0.00796152583361173,0
2023-09-27,0.0011099889274253667,-0.007967335731613597,0
2023-10-04,-0.0192664521045,-0.007993105945454273,1
2023-10-05,0.0011502872935604332,-0.008275895844157567,0
2023-10-06,0.0034472843475324665,-0.008061726560523706,0
2023-10-10,0.0025117868800962665,-0.00814186656972118,0
2023-10-11,0.0076652679756621005,-0.008160149503252237,0
2023-10-12,0.005403127082014333,-0.008166698434735156,0
2023-10-13,-0.0053553613360925,-0.008118667007629813,0
2023-10-16,-0.0024271173722445996,-0.00836872452481094,0
2023-10-17,0.0028419045164840328,-0.008108328563053806,0
2023-10-18,-0.0005497616406836,-0.008157048228298198,0
2023-10-19,-0.009081196091507432,-0.008048122747235325,1
2023-10-20,-0.0029113478696185333,-0.00800019385762268,0
2023-10-23,-0.0031975067067175,-0.008163142254974439,0
2023-10-24,0.005427636607794033,-0.00793329359896116,0
2023-10-25,-0.0016416607782276332,-0.008055641718241255,0
2023-10-26,-0.012599096771433633,-0.007952991781024628,1
2023-10-27,0.0035552931136802997,-0.007864144833145794,0
2023-10-30,-0.0005673557174494,-0.007556648512588849,0
2023-10-31,-0.0037086079139435333,-0.007826357853738853,0
2023-11-01,0.005532245754537933,-0.007719215143208427,0
2023-11-02,0.010198391722676267,-0.007811963510012452,0
2023-11-03,0.005127686185344999,-0.007905643748395372,0
2023-11-06,0.017171039272786234,-0.007840194629519652,0
2023-11-07,-0.0061200337442870335,-0.008031063533616049,0
2023-11-08,-0.0016446065791965666,-0.00794602302625424,0
2023-11-09,0.0031660403982949666,-0.007800900814664239,0
2023-11-10,-0.0029209276144121334,-0.007885235667169643,0
2023-11-13,-0.0005297482877080333,-0.007851449959227277,0
2023-11-14,0.004406081733078066,-0.007740235904108576,0
2023-11-15,0.012670781092696533,-0.007679355338442302,0
2023-11-16,-0.0005077707732236666,-0.00766182906232758,0
2023-11-17,-0.0004059444512306669,-0.007612157376765878,0
2023-11-20,0.0034087027118382966,-0.007780488775094073,0
2023-11-21,0.0030508698356562,-0.007710695544696008,0
2023-11-22,-0.00043672150034896657,-0.007492470512254482,0
2023-11-23,0.0015559789671728665,-0.007567520630547734,0
2023-11-24,-0.004984974517608733,-0.0074530450137803485,0
2023-11-27,0.00025576354003720007,-0.007546073752903115,0
2023-11-28,0.005456555585547866,-0.007618961350061439,0
2023-11-29,0.002215940331874367,-0.007561766225207105,0
2023-11-30,-0.0002601571347689331,-0.007656797078409991,0
2023-12-01,-0.0032456543545128333,-0.007553370902100061,0
2023-12-04,0.004294511592486867,-0.007592760239654726,0
2023-12-05,-0.002785188436698867,-0.007631891961935004,0
2023-12-06,0.0033373947947934,-0.007646719981481355,0
2023-12-07,-0.0034865456596867,-0.007575526259838627,0
2023-12-08,0.005690260583013833,-0.007396077486456954,0
2023-12-11,0.0005359725052754333,-0.007874638418101921,0
2023-12-12,0.0029049042677452334,-0.007502897264120203,0
2023-12-13,-0.0035518020921526997,-0.007434991333575004,0
2023-12-14,0.010785740511295099,-0.007376895804651746,0
2023-12-15,0.0010159375614414668,-0.00759601199750526,0
2023-12-18,0.0017847707774702334,-0.007454428850750543,0
2023-12-19,0.0007943780985945999,-0.007373101003152698,0
2023-12-20,0.008220737715247634,-0.0073897249402408004,0
2023-12-21,-0.002881399417204462,-0.007200066167842685,0
2023-12-22,0.0009206619638845666,-0.007389393424854896,0
2023-12-26,0.0032928660850760666,-0.007353155953282811,0
2023-12-27,0.003424603612334533,-0.00733407709707492,0
2023-12-28,0.008155431133885033,-0.007329821838509287,0
2024-01-02,-0.002929981353366,-0.0074686195968481596,0
2024-01-03,-0.009652288795862832,-0.007398717751601458,1
2024-01-04,-0.0009533955457558669,-0.00764782503632678,0
2024-01-05,-0.0034523443168304334,-0.007468673913628828,0
2024-01-08,-0.00032203571489676654,-0.0074653841883571695,0
2024-01-09,-9.184434335003353e-05,-0.007463915914199444,0
2024-01-10,-0.004237996197167457,-0.007473566564013121,0
2024-01-11,0.0018519853602744665,-0.00762714243999797,0
2024-01-12,-0.002996325978465466,-0.007425928184985833,0
2024-01-15,0.0023668022659722667,-0.007452248822617317,0
2024-01-16,-0.005942975384013933,-0.007438818654194797,0
2024-01-17,-0.010324387440294465,-0.00763209643657145,1
2024-01-19,0.005134966176165133,-0.007544786476599497,0
2024-01-22,0.0027023485952319,-0.00753125051510316,0
2024-01-23,0.0017156428787347198,-0.007647841006046952,0
2024-01-24,-0.0029505746698681333,-0.0075039064735593465,0
2024-01-25,0.00017440244917250005,-0.007558744239066948,0
2024-01-26,0.0023877808196952665,-0.00769712419825274,0
2024-01-29,0.002060931723219833,-0.007232527458768436,0
2024-01-30,0.0024042177189979,-0.007398598875891111,0
2024-01-31,-0.0014974325640494787,-0.00745000536107555,0
2024-02-01,0.005754139847289132,-0.0073561440226566814,0
2024-02-02,0.012447950441524667,-0.007268024229867225,0
2024-02-05,-0.0075492172898852326,-0.007246035873528371,1
2024-02-06,-0.00043840597798210004,-0.007332944006140433,0
2024-02-07,0.004576605899853204,-0.0074079406164989986,0
2024-02-08,1.665724128856436e-05,-0.007194093784827772,0
2024-02-13,0.0021947860175788,-0.00722427392726242,0
2024-02-14,-0.006791778624481667,-0.007165240088848948,0
2024-02-15,0.0012058207792915332,-0.007300490784494006,0
2024-02-16,0.00303974138278839,-0.007331842407592005,0
2024-02-19,0.005826843154132867,-0.007417165265687247,0
2024-02-20,-0.0047334627440469325,-0.007184081728260938,0
2024-02-21,-0.00038189657454793327,-0.007160641331867512,0
2024-02-22,0.0036720069219847,-0.007336950279304697,0
2024-02-23,-0.00039687448941410004,-0.007430083344348927,0
2024-02-26,-0.00025459406062726696,-0.007342221446388888,0
2024-02-27,-0.0041302362330196,-0.00759087338333469,0
2024-02-28,0.00407527447715993,-0.007407377776506557,0
2024-02-29,-0.0020857825698610334,-0.0072717623332515195,0
2024-03-04,0.006367783549293766,-0.007356583998214361,0
2024-03-05,-0.0015943014213648998,-0.007103677963875355,0
2024-03-06,-0.00034887086640929987,-0.007268049492711851,0
2024-03-07,-0.00028740713319113325,-0.007117345648817105,0
2024-03-08,0.007272893693803867,-0.007384587144042761,0
2024-03-11,-0.003332981725511933,-0.0072834732495499965,0
2024-03-12,0.0033951413670035807,-0.007216438402100192,0
2024-03-13,0.0011866074656673,-0.00706168307744851,0
2024-03-14,0.0020415480260288325,-0.00719014143338898,0
2024-03-15,-0.0076551574018351,-0.007045369908302715,1
2024-03-18,0.002167249047021775,-0.00735822439787456,0
2024-03-19,-0.005847021062681233,-0.007073794592224865,0
2024-03-20,0.006710236244292,-0.007209966033708514,0
2024-03-21,0.010532094552437398,-0.007430482304254174,0
2024-03-22,0.0008901991408646999,-0.007188038156580548,0
2024-03-25,-0.0017327546267236,-0.00698525157016811,0
2024-03-26,0.002474408897452367,-0.006960976350734834,0
2024-03-27,0.0009501222721314999,-0.007064983013404694,0
2024-03-28,-0.00032762883657159997,-0.00690763230010732,0
2024-03-29,8.143556475503342e-05,-0.00705233267239001,0
2024-04-01,0.0015981608993530332,-0.006831120382197716,0
2024-04-02,-0.0008392209277785998,-0.006866449933420531,0
2024-04-03,-0.0058007224702932665,-0.006955150748317215,0
2024-04-04,0.004829009925467799,-0.007119514266879412,0
2024-04-05,-0.002225037322908133,-0.006902098327919383,0
2024-04-08,-0.0008590941886817,-0.0068000042184000195,0
2024-04-09,-0.0019566394514928358,-0.006840361763824298,0
2024-04-11,-0.0032408183001994997,-0.007069752426367033,0
2024-04-12,-0.0008554604440058002,-0.006875952064608054,0
2024-04-15,-0.0025341505254292333,-0.00687190958079491,0
2024-04-16,-0.009436079562330599,-0.007021272792971711,1
2024-04-17,-0.004126762209227234,-0.0071131989042307895,0
2024-04-18,0.009019281596657767,-0.0069713770437401,0
2024-04-19,-0.008107441754183932,-0.007134974867628707,1
2024-04-22,0.0028210215438860993,-0.007325661847611535,0
2024-04-23,0.0009299636072719333,-0.007212977969015343,0
2024-04-24,0.0048536386898921,-0.007038971167914568,0
2024-04-25,-0.007494027430676799,-0.007110703037693625,1
2024-04-26,0.0040618002868944335,-0.007097700807753773,0
2024-04-29,0.003332193726965533,-0.0073003143887914075,0
2024-04-30,0.0029418763207246664,-0.007210410192495459,0
2024-05-02,-0.0005209438001911999,-0.0071666784208316075,0
2024-05-03,0.0002559800334575,-0.007078033995819595,0
2024-05-07,0.0108228293639063,-0.007283648020365506,0
2024-05-08,0.0010267405930584333,-0.006995009127423969,0
2024-05-09,-0.004817057301471799,-0.007193236206418386,0
2024-05-10,0.002768513281498033,-0.007343884318276157,0
2024-05-13,-0.0009419296459156883,-0.0073027723004323655,0
2024-05-14,0.0009534773058172333,-0.007130008454348964,0
2024-05-16,0.006245835748489067,-0.00712852051563374,0
2024-05-17,-0.003955956100429839,-0.007298083792617114,0
2024-05-20,0.0013489722909494311,-0.007280758090013996,0
2024-05-21,-0.0009745035670728334,-0.0073324611810652715,0
2024-05-22,0.00022485972925906752,-0.007178998337217291,0
2024-05-23,0.00030617796335529997,-0.0073777159195006934,0
2024-05-24,-0.006495808709706333,-0.0072034707685726005,0
2024-05-27,0.005585914879267699,-0.007422106921386913,0
2024-05-28,0.0008585103755792666,-0.0072950446863735575,0
2024-05-29,-0.006649956009935433,-0.007354922672452573,0
2024-05-30,-0.0070398917002373,-0.007485043092566459,0
2024-05-31,-0.00020744595390356668,-0.007218624245202364,0
2024-06-03,0.0074461816823674,-0.007480581222689376,0
2024-06-04,-0.00020389341588440034,-0.007500823199480234,0
2024-06-05,0.004919442049525367,-0.00743422845855741,0
2024-06-07,0.005695775327300633,-0.007228649008336986,0
2024-06-10,-0.0052739241489556,-0.0073951705229281075,0
2024-06-11,0.0006519677944623,-0.007400090364256448,0
2024-06-12,0.004248120033505666,-0.007281409678540763,0
2024-06-13,0.0037778315188809995,-0.007312548890124638,0
2024-06-14,0.0024513558947451665,-0.007433535658484354,0
2024-06-17,-0.0006511515857062999,-0.007433735554250241,0
2024-06-18,0.0034229003957018805,-0.007383524388151566,0
2024-06-19,0.006855951145996533,-0.007263793216956669,0
2024-06-20,8.433989998600005e-05,-0.007123821165973395,0
2024-06-21,-0.0024812275639630663,-0.007420111635051987,0
2024-06-24,-0.0025910662429789663,-0.007500499698927201,0
2024-06-25,0.0008329944953571,-0.007418519709672887,0
2024-06-26,0.002420139569408,-0.0074514937946323365,0
2024-06-27,-0.0015127966955915332,-0.007493013750950465,0
2024-06-28,0.0038931039165758666,-0.007392889380030997,0
2024-07-01,-0.0008338348211736333,-0.007401786115010808,0
2024-07-02,-0.0011254345819315334,-0.007448447343211321,0
2024-07-03,0.0020484679347970666,-0.0073700477586529645,0
2024-07-04,0.005749516412595466,-0.007198474189888426,0
2024-07-05,0.006143548858890975,-0.007293030237419883,0
2024-07-08,-5.287403095343332e-05,-0.007257845510855931,0
2024-07-09,0.0019159995717413331,-0.007531518644416511,0
2024-07-10,-0.0005628078514362667,-0.0073764078995881025,0
2024-07-11,0.0005701016446234999,-0.007447541881761955,0
2024-07-12,-0.0020956111988726,-0.0073097596703785616,0
2024-07-15,0.001788848740346708,-0.007375804069541848,0
2024-07-16,0.0022419030633316333,-0.007394260319095463,0
2024-07-17,-0.0031105758997820327,-0.007189781984397425,0
2024-07-18,-0.0026133944306902,-0.00729195697595686,0
2024-07-19,-0.0044193221712204665,-0.0072170571382349285,0
2024-07-22,-0.003259146766729696,-0.007289977893844645,0
2024-07-23,0.0007665241305125528,-0.007401882307710271,0
2024-07-24,-0.000354077260572933,-0.00751818659952829,0
2024-07-25,-0.006155021985830533,-0.007239159336805007,0
2024-07-26,0.0025673100768041665,-0.007409387820420178,0
2024-07-29,0.0059747760647905004,-0.007362996289664971,0
2024-07-30,-0.003513614018416033,-0.007382332742476123,0
2024-07-31,0.004439420471456196,-0.007445427812106051,0
2024-08-01,0.002247139352019933,-0.007345205891016154,0
2024-08-02,-0.012454707652411901,-0.007179979039944857,1
2024-08-05,-0.027546598526887126,-0.00761232193857359,1
2024-08-06,0.003904534676556533,-0.007866207183703698,0
2024-08-07,0.007974423295744,-0.007780721905249693,0
2024-08-08,-0.0022080603378998665,-0.00789937355057163,0
2024-08-09,0.003982225155508799,-0.007947781104438235,0
2024-08-12,0.004153702757894933,-0.00803243600887308,0
2024-08-13,0.0021615698222801666,-0.00779307845069688,0
2024-08-14,0.0038307178307343,-0.007952264379289432,0
2024-08-16,0.006572704792770266,-0.007754764893298678,0
2024-08-19,-0.0028317432665361,-0.007723725439948672,0
2024-08-20,0.002800659155298266,-0.007746455192130126,0
2024-08-21,-0.00021906365518389997,-0.007616246132304561,0
2024-08-22,0.001330468446088033,-0.0076560992599541125,0
2024-08-23,-0.0011445207918596998,-0.007795158881344961,0
2024-08-26,-0.00035893556453820015,-0.007985961126412528,0
2024-08-28,-0.0037178195960318,-0.007812346252350934,0
2024-08-29,-0.0054130942801573,-0.007675059993280045,0
2024-08-30,0.0017204941778215692,-0.007818667566981803,0
2024-09-02,-0.0012204317922125238,-0.007744407781762421,0
2024-09-03,-0.0031076917490112333,-0.0078817821105646,0
2024-09-04,-0.009968185944306032,-0.007644671688090965,1
2024-09-05,0.0008744020418568999,-0.007791014455163312,0
2024-09-06,-0.0037361511837696,-0.008010604315709702,0
2024-09-09,-0.0032840238328064,-0.007947480321374847,0
2024-09-10,-0.0005036399594522667,-0.007722907041874926,0
2024-09-11,-0.0013070203374114337,-0.007822014144522191,0
2024-09-12,0.006665468983141434,-0.007811140123969807,0
2024-09-13,0.002145263651769333,-0.007670261266997418,0
2024-09-19,-0.0015701459538989,-0.008014209437844134,0
2024-09-20,0.0009291429209738338,-0.00780954748050744,0
2024-09-23,-0.00011269322465803339,-0.007871997486237322,0
2024-09-24,0.0042464149649044675,-0.007789208181726723,0
2024-09-25,-0.0039245020955522665,-0.007931367561255405,0
2024-09-26,0.010917094545897933,-0.007797845144596658,0
2024-09-27,-0.0015396451540635,-0.00790589225889174,0
2024-09-30,-0.006944877390145633,-0.007849898180685187,0
2024-10-02,-0.0017042479417546,-0.007905014570682186,0
2024-10-04,-0.002390174253035033,-0.007861752756443713,0
2024-10-07,0.0011789928127949997,-0.007802992139423195,0
2024-10-08,-0.0013278425779114666,-0.007870547651446756,0
2024-10-10,0.00040434604699063326,-0.007698759512462471,0
2024-10-11,0.0005754689147822332,-0.007831203894852728,0
2024-10-14,0.004246700895257267,-0.008015436903587367,0
2024-10-15,0.0023140242852450667,-0.007849513475480057,0
2024-10-16,-0.0016311043294118335,-0.007951541535197927,0
2024-10-17,0.00022174227248444755,-0.007848800372469163,0
2024-10-18,-0.0031462244606138665,-0.007688672729406005,0
2024-10-21,0.0015098490199174331,-0.007806974433570907,0
2024-10-22,-0.007399349412203866,-0.007574658269902246,0
2024-10-23,0.0042998113803532,-0.007676271971346934,0
2024-10-24,-0.00033081584668410015,-0.007570465408563889,0
2024-10-25,0.0011058001001824,-0.007531142496956014,0
2024-10-28,0.0005998522017313999,-0.007568607506227574,0
2024-10-29,0.0006490805559433999,-0.0075538789326747005,0
2024-10-31,-0.007093132845279133,-0.007539297565742569,0
2024-11-01,-0.0014730681138127337,-0.007441927371571006,0
2024-11-04,0.005381082291832632,-0.007467200670196577,0
2024-11-06,-0.004174037804743767,-0.007561596056194369,0
2024-11-07,0.0013345198250280666,-0.007370661163608942,0
2024-11-08,0.0013553259758490332,-0.007454988872230621,0
2024-11-11,-0.00509607968154515,-0.007463144381321408,0
2024-11-12,-0.006175445138532767,-0.007448305713194531,0
2024-11-13,-0.010570147254078267,-0.007491492136700854,1
2024-11-14,-0.0012846602615260393,-0.007535271909538543,0
2024-11-15,0.002145340283429233,-0.007565876057089512,0
2024-11-18,0.008323640435926134,-0.0076101760330301894,0
2024-11-19,0.0023425926264368335,-0.007649539002615777,0
2024-11-20,0.0012605453281831665,-0.007596237155718487,0
2024-11-21,0.0020378473960499664,-0.0074791929431049405,0
2024-11-22,0.0031564573719737666,-0.0073864722782925,0
2024-11-25,0.005782992865205133,-0.007360296714756249,0
2024-11-26,-0.0006102427103732333,-0.007234809562950011,0
2024-11-27,-0.0016049614925954666,-0.007584344206495049,0
2024-11-28,0.0024249973430717667,-0.007307554950304556,0
2024-11-29,-0.0048709436563363325,-0.007482143283778573,0
2024-12-02,0.002458174955251633,-0.007324685851846488,0
2024-12-03,0.0038121563695581334,-0.007317549672010273,0
2024-12-04,-0.006072224855998999,-0.007073722466928574,0
2024-12-05,-0.0014804032911533002,-0.007409241528368944,0
2024-12-06,-0.0022899814530559664,-0.007174940646096654,0
2024-12-09,-0.006324917933188799,-0.007231397725561806,0
2024-12-10,0.006127783954892167,-0.007396453016416926,0
2024-12-11,0.0020284228958218995,-0.007328573596144296,0
2024-12-12,0.003935319966725034,-0.007389060865276733,0
2024-12-13,0.0026023379969098335,-0.007222296471297191,0
2024-12-16,-0.0025806354822127666,-0.007293727865909432,0
2024-12-17,-0.006420439212456299,-0.007243321525391495,0
2024-12-18,0.007124407731752167,-0.007445927353936066,0
2024-12-19,-0.0112762545413434,-0.007271889973465754,1
2024-12-20,-0.0064018894764093,-0.007516212776074104,0
2024-12-23,0.0067223800380308675,-0.007417714189183749,0
2024-12-24,-0.0013789705948337998,-0.007566956691078566,0
2024-12-26,-0.0027878485903032333,-0.007661805018575319,0
2024-12-27,-0.0006913115870534666,-0.007604609155595562,0
2024-12-30,-0.00014077185783383328,-0.007587001032078432,0
